
<configuration>

    <property name="HOME_LOG" value="/home/vinvis/Documents/log/mylog.log"/>

    <appender name="FILE-ROLLING" class="ch.qos.logback.core.rolling.RollingFileAppender">
        <file>${HOME_LOG}</file>

        <rollingPolicy class="ch.qos.logback.core.rolling.SizeAndTimeBasedRollingPolicy">
            <fileNamePattern>${HOME_LOG}/archived/app.%d{yyyy-MM-dd}.%i.log.gz</fileNamePattern>
            <!-- each archived file, size max 10MB -->
            <maxFileSize>10MB</maxFileSize>
            <!-- total size of all archive files, if total size > 20GB, it will delete old archived file -->
            <totalSizeCap>20GB</totalSizeCap>
            <!-- 60 days to keep -->
            <maxHistory>60</maxHistory>
        </rollingPolicy>

        <encoder>
            <pattern>%d %p %c{1.} [%t] %m%n</pattern>
        </encoder>
    </appender>

    <logger name="com.example.demo_spring" level="INFO" additivity="false">
        <appender-ref ref="FILE-ROLLING"/>
    </logger>

    <root level="INFO">
        <appender-ref ref="FILE-ROLLING"/>
    </root>

</configuration>